{"username": "Dr_alqarnee", "words": {"academy": 3, "day": 2, "homeland": 1, "land": 1, "peace": 1, "today": 1, "celebrate": 1, "anniversary": 1, "national": 1, "king": 1, "united": 1, "nation": 1, "bin": 1, "news": 1, "china": 1}, "emojis": {"peace": {"emoji": "peace-symbol", "score": 0.7101051807403564}, "bin": {"emoji": "litter-in-bin-sign", "score": 0.7097140550613403}, "national": {"emoji": "national-park", "score": 0.6827847361564636}, "king": {"emoji": "prince", "score": 0.6159993410110474}, "anniversary": {"emoji": "birthday-cake", "score": 0.4844783544540405}, "academy": {"emoji": "school", "score": 0.44434958696365356}, "day": {"emoji": "bridge-at-night", "score": 0.43073830008506775}, "china": {"emoji": "japanese-dolls", "score": 0.41619715094566345}, "celebrate": {"emoji": "birthday-cake", "score": 0.41386812925338745}, "nation": {"emoji": "world-map", "score": 0.3894230127334595}, "news": {"emoji": "newspaper", "score": 0.3653758466243744}, "united": {"emoji": "peace-symbol", "score": 0.35206103324890137}, "land": {"emoji": "water-buffalo", "score": 0.3508070707321167}, "homeland": {"emoji": "desert-island", "score": 0.3391726613044739}, "today": {"emoji": "bridge-at-night", "score": 0.2932584285736084}}, "interests": {"homeland": 0.006993006993006993, "academy": 0.004484304932735426, "bin": 0.0035714285714285713, "anniversary": 0.0008064516129032258, "land": 0.0005865102639296188, "king": 0.0005827505827505828, "national": 0.0005737234652897303, "united": 0.0005151983513652757, "nation": 0.00045934772622875517, "peace": 0.00040306328093510683, "celebrate": 0.000326477309826967, "china": 0.00028538812785388126, "news": 0.00017540782318891423, "day": 6.971799072750723e-05, "today": 4.171533455698315e-05}}