{"username": "sabqorg", "words": {"dev": 8, "housing": 8, "medium": 3, "trend": 2, "application": 1, "know": 1, "pod": 1, "wireless": 1, "apple": 1, "arcade": 1, "king": 1}, "emojis": {"apple": {"emoji": "red-apple", "score": 0.8298465013504028}, "medium": {"emoji": "white-medium-square", "score": 0.6885068416595459}, "king": {"emoji": "prince", "score": 0.6159993410110474}, "wireless": {"emoji": "mobile-phone", "score": 0.5810056328773499}, "housing": {"emoji": "building-construction", "score": 0.49686408042907715}, "application": {"emoji": "japanese-application-button", "score": 0.4685353636741638}, "arcade": {"emoji": "joystick", "score": 0.46641385555267334}, "know": {"emoji": "see-no-evil-monkey", "score": 0.4622948467731476}, "trend": {"emoji": "chart-increasing", "score": 0.392557293176651}, "pod": {"emoji": "robot", "score": 0.38354402780532837}, "dev": {"emoji": "mage", "score": 0.3692357540130615}}, "interests": {"housing": 0.025889967637540454, "dev": 0.015968063872255488, "arcade": 0.015625, "wireless": 0.011363636363636364, "application": 0.006622516556291391, "trend": 0.004784688995215311, "pod": 0.0034602076124567475, "medium": 0.0010913059294288831, "apple": 0.000663129973474801, "king": 0.0005827505827505828, "know": 6.13685179502915e-05}}