{"username": "sabqorg", "words": {"dev": 8, "housing": 8, "medium": 3, "trend": 2, "application": 1, "know": 1, "pod": 1, "wireless": 1, "apple": 1, "arcade": 1, "king": 1}, "emojis": {"apple": {"emoji": "red-apple", "score": 0.8298465013504028}, "medium": {"emoji": "white-medium-square", "score": 0.6885068416595459}, "king": {"emoji": "prince", "score": 0.6159993410110474}, "wireless": {"emoji": "mobile-phone", "score": 0.5810056328773499}, "housing": {"emoji": "building-construction", "score": 0.49686408042907715}, "application": {"emoji": "japanese-application-button", "score": 0.4685353636741638}, "arcade": {"emoji": "joystick", "score": 0.46641385555267334}, "know": {"emoji": "see-no-evil-monkey", "score": 0.4622948467731476}, "trend": {"emoji": "chart-increasing", "score": 0.392557293176651}, "pod": {"emoji": "robot", "score": 0.38354402780532837}, "dev": {"emoji": "mage", "score": 0.3692357540130615}}, "interests": {"housing": 24138.861641710973, "dev": 14881.91133896219, "arcade": 1820.2299014569114, "wireless": 1323.2584656091794, "trend": 1112.0100777150292, "application": 770.3369144522317, "pod": 401.5411582551469, "medium": 375.8366336372891, "apple": 75.34892433727747, "king": 65.97664801868602, "know": 5.296685053585813}}