{"username": "cnnarabic", "words": {"best": 2, "culver": 2, "fantastic": 1, "four": 1, "blob": 1, "underground": 1, "empire": 1, "state": 1, "world": 1, "fresh": 1, "prince": 1, "forever": 1}, "emojis": {"prince": {"emoji": "prince", "score": 1.0}, "four": {"emoji": "four-thirty", "score": 0.84619140625}, "world": {"emoji": "world-map", "score": 0.6565428376197815}, "blob": {"emoji": "alien-monster", "score": 0.4683964252471924}, "forever": {"emoji": "smiling-face-with-hearts", "score": 0.3875136375427246}, "state": {"emoji": "national-park", "score": 0.3786185383796692}, "fresh": {"emoji": "face-savoring-food", "score": 0.37311631441116333}, "underground": {"emoji": "radioactive", "score": 0.3491544723510742}, "fantastic": {"emoji": "love-you-gesture", "score": 0.34014391899108887}, "best": {"emoji": "top-hat", "score": 0.33825403451919556}, "culver": {"emoji": "fleur-de-lis", "score": 0.3200637996196747}, "empire": {"emoji": "straight-ruler", "score": 0.31787461042404175}}, "interests": {"culver": 58307.33935431156, "blob": 6477.037852756607, "underground": 3378.3677906498415, "empire": 1067.9337655686484, "fresh": 934.7294094845507, "fantastic": 831.020333105681, "four": 729.178035817947, "forever": 380.37205321088857, "best": 309.5145832131579, "prince": 287.3897547732985, "state": 60.54825907435056, "world": 13.18250848113617}}