{"username": "cnnarabic", "words": {"best": 2, "culver": 2, "fantastic": 1, "four": 1, "blob": 1, "underground": 1, "empire": 1, "state": 1, "world": 1, "fresh": 1, "prince": 1, "forever": 1}, "emojis": {"prince": {"emoji": "prince", "score": 1.0}, "four": {"emoji": "four-thirty", "score": 0.84619140625}, "world": {"emoji": "world-map", "score": 0.6565428376197815}, "blob": {"emoji": "alien-monster", "score": 0.4683964252471924}, "forever": {"emoji": "smiling-face-with-hearts", "score": 0.3875136375427246}, "state": {"emoji": "national-park", "score": 0.3786185383796692}, "fresh": {"emoji": "face-savoring-food", "score": 0.37311631441116333}, "underground": {"emoji": "radioactive", "score": 0.3491544723510742}, "fantastic": {"emoji": "love-you-gesture", "score": 0.34014391899108887}, "best": {"emoji": "top-hat", "score": 0.33825403451919556}, "culver": {"emoji": "fleur-de-lis", "score": 0.3200637996196747}, "empire": {"emoji": "straight-ruler", "score": 0.31787461042404175}}, "interests": {"culver": 0.125, "blob": 0.027777777777777776, "underground": 0.014492753623188406, "empire": 0.0045871559633027525, "fresh": 0.004016064257028112, "fantastic": 0.0035714285714285713, "four": 0.003134796238244514, "forever": 0.001639344262295082, "prince": 0.0012406947890818859, "best": 0.0006720430107526882, "state": 0.00026809651474530834, "world": 6.480881399870383e-05}}