{"username": "SaudiNews50", "words": {"news": 65, "medium": 3, "galaxy": 2, "tourism": 2, "club": 2, "note": 1, "welcome": 1, "entertainment": 1, "season": 1, "heart": 1, "kingdom": 1, "world": 1, "soft": 1, "strong": 1, "wro": 1, "modern": 1, "way": 1, "twitter": 1, "sans": 1}, "emojis": {"heart": {"emoji": "red-heart", "score": 0.7877609729766846}, "note": {"emoji": "musical-note", "score": 0.7110964059829712}, "medium": {"emoji": "white-medium-square", "score": 0.6885068416595459}, "club": {"emoji": "club-suit", "score": 0.6788320541381836}, "world": {"emoji": "world-map", "score": 0.6565428376197815}, "galaxy": {"emoji": "comet", "score": 0.6472963094711304}, "soft": {"emoji": "soft-ice-cream", "score": 0.6379457712173462}, "kingdom": {"emoji": "prince", "score": 0.5133712291717529}, "way": {"emoji": "milky-way", "score": 0.4915936291217804}, "modern": {"emoji": "classical-building", "score": 0.45959413051605225}, "entertainment": {"emoji": "performing-arts", "score": 0.41563695669174194}, "tourism": {"emoji": "hotel", "score": 0.39860832691192627}, "welcome": {"emoji": "sad-but-relieved-face", "score": 0.3939051032066345}, "season": {"emoji": "night-with-stars", "score": 0.3771248459815979}, "news": {"emoji": "newspaper", "score": 0.3653758466243744}, "sans": {"emoji": "mrs-claus", "score": 0.34697139263153076}, "twitter": {"emoji": "spider-web", "score": 0.3405429720878601}, "strong": {"emoji": "key", "score": 0.3250724971294403}}, "interests": {"news": 27370.23909736822, "wro": 9274.804085068472, "tourism": 727.1821387935075, "soft": 616.4552154210301, "galaxy": 375.62399901970116, "sans": 372.82303066278956, "strong": 160.04641545092804, "medium": 115.56005686461747, "modern": 114.69792796645064, "kingdom": 75.96916363717526, "entertainment": 71.93228515707005, "club": 67.45038164213642, "note": 53.31944772749062, "welcome": 12.320257944676706, "heart": 6.081782444044279, "twitter": 4.473398905303603, "season": 3.79440032981894, "way": 1.6692622313711862, "world": 0.8206967418839795}}