{"username": "SaudiNews50", "words": {"news": 65, "medium": 3, "galaxy": 2, "tourism": 2, "club": 2, "note": 1, "welcome": 1, "entertainment": 1, "season": 1, "heart": 1, "kingdom": 1, "world": 1, "soft": 1, "strong": 1, "wro": 1, "modern": 1, "way": 1, "twitter": 1, "sans": 1}, "emojis": {"heart": {"emoji": "red-heart", "score": 0.7877609729766846}, "note": {"emoji": "musical-note", "score": 0.7110964059829712}, "medium": {"emoji": "white-medium-square", "score": 0.6885068416595459}, "club": {"emoji": "club-suit", "score": 0.6788320541381836}, "world": {"emoji": "world-map", "score": 0.6565428376197815}, "galaxy": {"emoji": "comet", "score": 0.6472963094711304}, "soft": {"emoji": "soft-ice-cream", "score": 0.6379457712173462}, "kingdom": {"emoji": "prince", "score": 0.5133712291717529}, "way": {"emoji": "milky-way", "score": 0.4915936291217804}, "modern": {"emoji": "classical-building", "score": 0.45959413051605225}, "entertainment": {"emoji": "performing-arts", "score": 0.41563695669174194}, "tourism": {"emoji": "hotel", "score": 0.39860832691192627}, "welcome": {"emoji": "sad-but-relieved-face", "score": 0.3939051032066345}, "season": {"emoji": "night-with-stars", "score": 0.3771248459815979}, "news": {"emoji": "newspaper", "score": 0.3653758466243744}, "sans": {"emoji": "mrs-claus", "score": 0.34697139263153076}, "twitter": {"emoji": "spider-web", "score": 0.3405429720878601}, "strong": {"emoji": "key", "score": 0.3250724971294403}}, "interests": {"wro": 0.25, "soft": 0.016666666666666666, "news": 0.011401508507279424, "sans": 0.010101010101010102, "tourism": 0.009852216748768473, "galaxy": 0.005115089514066497, "strong": 0.004366812227074236, "modern": 0.0031446540880503146, "kingdom": 0.0021008403361344537, "entertainment": 0.00199203187250996, "note": 0.0014903129657228018, "medium": 0.0010913059294288831, "club": 0.000962000962000962, "welcome": 0.00038402457757296467, "heart": 0.0002144082332761578, "twitter": 0.00017018379850238256, "season": 0.00015135462388375965, "way": 9.089256498818396e-05, "world": 6.480881399870383e-05}}