{"username": "cthellewell27", "words": {"stock": 1, "remember": 1, "faith": 1, "doubt": 1, "exist": 1, "mind": 1, "time": 1, "dispel": 1}, "emojis": {"mind": {"emoji": "smiling-face-with-heart-eyes", "score": 0.47463053464889526}, "remember": {"emoji": "love-you-gesture", "score": 0.40433230996131897}, "doubt": {"emoji": "question-mark", "score": 0.39444786310195923}, "stock": {"emoji": "currency-exchange", "score": 0.39234501123428345}, "faith": {"emoji": "church", "score": 0.3920666575431824}, "time": {"emoji": "one-thirty", "score": 0.3730913996696472}, "exist": {"emoji": "speak-no-evil-monkey", "score": 0.2725925147533417}, "dispel": {"emoji": "shield", "score": 0.269322007894516}}, "interests": {"dispel": 58309.3393028636, "exist": 1354.0783952282038, "doubt": 1018.4494174613218, "stock": 660.6303646599166, "faith": 526.731651688046, "mind": 192.93319838787485, "remember": 123.44723904128686, "time": 13.24547533387197}}