{"username": "cthellewell27", "words": {"stock": 1, "remember": 1, "faith": 1, "doubt": 1, "exist": 1, "mind": 1, "time": 1, "dispel": 1}, "emojis": {"mind": {"emoji": "smiling-face-with-heart-eyes", "score": 0.47463053464889526}, "remember": {"emoji": "love-you-gesture", "score": 0.40433230996131897}, "doubt": {"emoji": "question-mark", "score": 0.39444786310195923}, "stock": {"emoji": "currency-exchange", "score": 0.39234501123428345}, "faith": {"emoji": "church", "score": 0.3920666575431824}, "time": {"emoji": "one-thirty", "score": 0.3730913996696472}, "exist": {"emoji": "speak-no-evil-monkey", "score": 0.2725925147533417}, "dispel": {"emoji": "shield", "score": 0.269322007894516}}, "interests": {"dispel": 0.14285714285714285, "exist": 0.0033222591362126247, "doubt": 0.0025, "stock": 0.0016233766233766235, "faith": 0.0012953367875647669, "mind": 0.0004775549188156638, "remember": 0.00030731407498463427, "time": 3.7188545927854223e-05}}