{"username": "MohamadAlarefe", "words": {"food": 7, "teaching": 1, "ablution": 1, "moor": 1, "dan": 1, "sal": 1, "do": 1, "team": 1, "pure": 1, "amani": 1, "repeat": 1, "festival": 1, "association": 1, "exercise": 1, "star": 1, "ale": 1, "steadfast": 1, "center": 1, "turkey": 1, "business": 1, "example": 1, "provide": 1, "channel": 1}, "emojis": {"turkey": {"emoji": "turkey", "score": 1.0000001192092896}, "star": {"emoji": "star", "score": 0.9999998807907104}, "food": {"emoji": "canned-food", "score": 0.8360716104507446}, "repeat": {"emoji": "repeat-button", "score": 0.6554056406021118}, "do": {"emoji": "hourglass-not-done", "score": 0.5453240275382996}, "ale": {"emoji": "beer-mug", "score": 0.5408834218978882}, "sal": {"emoji": "fleur-de-lis", "score": 0.5178171992301941}, "teaching": {"emoji": "school", "score": 0.4808855652809143}, "amani": {"emoji": "mrs-claus", "score": 0.45833396911621094}, "ablution": {"emoji": "toilet", "score": 0.4578923285007477}, "channel": {"emoji": "television", "score": 0.45529958605766296}, "team": {"emoji": "field-hockey", "score": 0.45230329036712646}, "dan": {"emoji": "leo", "score": 0.4246520400047302}, "moor": {"emoji": "derelict-house", "score": 0.4161240756511688}, "steadfast": {"emoji": "persevering-face", "score": 0.409654438495636}, "festival": {"emoji": "cinema", "score": 0.4015887677669525}, "business": {"emoji": "japanese-open-for-business-button", "score": 0.3596779704093933}, "exercise": {"emoji": "person-lifting-weights", "score": 0.35870420932769775}, "center": {"emoji": "national-park", "score": 0.3532940447330475}, "pure": {"emoji": "see-no-evil-monkey", "score": 0.3410898745059967}, "example": {"emoji": "recycling-symbol", "score": 0.28296858072280884}, "association": {"emoji": "club-suit", "score": 0.2724035978317261}, "provide": {"emoji": "plus-sign", "score": 0.2663329839706421}}, "interests": {"ablution": 56298.60346603767, "amani": 37531.735658826605, "steadfast": 5628.060522445575, "moor": 3751.3738296453753, "food": 2812.584516832917, "teaching": 2008.7363347687947, "ale": 1338.4913042878386, "sal": 521.7284530982804, "exercise": 507.5096861925942, "association": 448.40704781107735, "pure": 394.485645050635, "repeat": 186.61703874213603, "example": 168.0983367031183, "turkey": 105.24856960783869, "provide": 83.05798708474477, "festival": 77.03104608635955, "center": 68.74353970890482, "channel": 65.6025548201647, "business": 49.38863066184325, "star": 26.284573097887108, "do": 15.850320787129377, "dan": 11.274826005473866, "team": 8.319437553013932}}