{"username": "MohamadAlarefe", "words": {"food": 7, "teaching": 1, "ablution": 1, "moor": 1, "dan": 1, "sal": 1, "do": 1, "team": 1, "pure": 1, "amani": 1, "repeat": 1, "festival": 1, "association": 1, "exercise": 1, "star": 1, "ale": 1, "steadfast": 1, "center": 1, "turkey": 1, "business": 1, "example": 1, "provide": 1, "channel": 1}, "emojis": {"turkey": {"emoji": "turkey", "score": 1.0000001192092896}, "star": {"emoji": "star", "score": 0.9999998807907104}, "food": {"emoji": "canned-food", "score": 0.8360716104507446}, "repeat": {"emoji": "repeat-button", "score": 0.6554056406021118}, "do": {"emoji": "hourglass-not-done", "score": 0.5453240275382996}, "ale": {"emoji": "beer-mug", "score": 0.5408834218978882}, "sal": {"emoji": "fleur-de-lis", "score": 0.5178171992301941}, "teaching": {"emoji": "school", "score": 0.4808855652809143}, "amani": {"emoji": "mrs-claus", "score": 0.45833396911621094}, "ablution": {"emoji": "toilet", "score": 0.4578923285007477}, "channel": {"emoji": "television", "score": 0.45529958605766296}, "team": {"emoji": "field-hockey", "score": 0.45230329036712646}, "dan": {"emoji": "leo", "score": 0.4246520400047302}, "moor": {"emoji": "derelict-house", "score": 0.4161240756511688}, "steadfast": {"emoji": "persevering-face", "score": 0.409654438495636}, "festival": {"emoji": "cinema", "score": 0.4015887677669525}, "business": {"emoji": "japanese-open-for-business-button", "score": 0.3596779704093933}, "exercise": {"emoji": "person-lifting-weights", "score": 0.35870420932769775}, "center": {"emoji": "national-park", "score": 0.3532940447330475}, "pure": {"emoji": "see-no-evil-monkey", "score": 0.3410898745059967}, "example": {"emoji": "recycling-symbol", "score": 0.28296858072280884}, "association": {"emoji": "club-suit", "score": 0.2724035978317261}, "provide": {"emoji": "plus-sign", "score": 0.2663329839706421}}, "interests": {"ablution": 0.5, "amani": 0.3333333333333333, "steadfast": 0.05, "moor": 0.03333333333333333, "teaching": 0.017857142857142856, "ale": 0.011904761904761904, "sal": 0.004651162790697674, "exercise": 0.004524886877828055, "association": 0.004, "food": 0.003586065573770492, "pure": 0.0035211267605633804, "repeat": 0.0016750418760469012, "example": 0.0015105740181268882, "turkey": 0.0009523809523809524, "provide": 0.0007552870090634441, "festival": 0.0007017543859649122, "center": 0.000628140703517588, "channel": 0.0006002400960384153, "business": 0.0004562043795620438, "star": 0.0002508780732563974, "do": 0.00015802781289506955, "dan": 0.00011721955222131051, "team": 9.077705156136529e-05}}