{"username": "amrkhaled", "words": {"float": 3, "designer": 2, "ameed": 2, "space": 2, "lot": 2, "water": 2, "solitaire": 1, "maria": 1, "floating": 1}, "emojis": {"water": {"emoji": "potable-water", "score": 0.8588904142379761}, "maria": {"emoji": "mrs-claus", "score": 0.5300678610801697}, "designer": {"emoji": "artist-palette", "score": 0.4994601309299469}, "solitaire": {"emoji": "mahjong-red-dragon", "score": 0.44490376114845276}, "lot": {"emoji": "couple-with-heart", "score": 0.3934418261051178}, "floating": {"emoji": "mermaid", "score": 0.3929789066314697}, "float": {"emoji": "balloon", "score": 0.390368789434433}, "space": {"emoji": "new-moon", "score": 0.38420557975769043}}, "interests": {"ameed": 408175.3750097995, "solitaire": 40815.93752449903, "floating": 12003.27581859083, "float": 11844.369711082927, "designer": 2620.949273035997, "water": 361.7630645045559, "space": 274.7302101883939, "maria": 272.3177415582689, "lot": 142.74882075547038}}