{"username": "amrkhaled", "words": {"float": 3, "designer": 2, "ameed": 2, "space": 2, "lot": 2, "water": 2, "solitaire": 1, "maria": 1, "floating": 1}, "emojis": {"water": {"emoji": "potable-water", "score": 0.8588904142379761}, "maria": {"emoji": "mrs-claus", "score": 0.5300678610801697}, "designer": {"emoji": "artist-palette", "score": 0.4994601309299469}, "solitaire": {"emoji": "mahjong-red-dragon", "score": 0.44490376114845276}, "lot": {"emoji": "couple-with-heart", "score": 0.3934418261051178}, "floating": {"emoji": "mermaid", "score": 0.3929789066314697}, "float": {"emoji": "balloon", "score": 0.390368789434433}, "space": {"emoji": "new-moon", "score": 0.38420557975769043}}, "interests": {"ameed": 1.0, "solitaire": 0.2, "floating": 0.058823529411764705, "float": 0.01935483870967742, "designer": 0.006430868167202572, "maria": 0.0013440860215053765, "water": 0.0008960573476702509, "space": 0.0006828269033799932, "lot": 0.0003594536304816679}}